City,AQI,PM2.5/1h,PM10/1h,CO/1h,NO2/1h,O3/1h,O3/8h,SO2/1h
阿坝州,50,35,48,0.9,12,57,83,8
阿克苏地区,126,47,200,0.8,69,31,89,8
阿拉善盟,49,20,45,0.57,15,80,97,13
阿勒泰地区,27,11,10,0.3,26,47,53,2
阿里地区,39,14,0,0.6,12,69,77,8
安康,67,26,81,0.7,44,37,67,11
安庆,48,23,45,0.52,24,78,95,6
鞍山,70,39,88,0.93,47,31,64,18
安顺,43,30,36,0.8,21,43,57,21
安阳,78,54,103,0.78,64,36,76,14
白城,51,25,50,0.55,24,63,85,14
百色,58,39,63,1.25,39,9,33,10
白山,49,28,48,0.95,18,56,76,14
白银,47,28,29,0.4,18,80,92,94
保定,54,21,56,0.42,35,52,80,5
宝鸡,69,38,85,0.91,59,33,77,7
保山,70,47,76,0.7,9,126,122,6
包头,39,15,37,1.0,43,45,77,25
巴彦淖尔,60,27,68,0.87,40,33,68,19
巴中,71,42,90,0.78,58,20,65,6
北海,99,74,90,1.08,18,45,61,6
北京,76,6,100,0.21,10,72,77,1
蚌埠,104,77,141,0.8,74,45,92,24
本溪,65,26,78,0.82,40,33,69,17
毕节,33,23,31,0.45,13,63,62,6
滨州,58,30,63,1.1,53,44,79,20
博州,47,30,46,0.55,17,61,60,6
亳州,60,30,67,0.4,37,61,89,4
沧州,64,35,75,0.77,70,22,73,16
长春,59,37,66,0.8,63,25,61,10
常德,64,44,64,0.94,50,70,115,9
昌都,53,19,54,1.2,52,15,61,3
昌都地区,29,6,12,0.7,11,86,57,8
昌吉州,63,44,55,0.9,27,46,51,4
长沙,66,47,72,0.84,69,47,88,6
常熟,77,56,94,0.55,49,59,81,14
长治,55,19,57,0.76,36,63,89,23
常州,80,58,87,0.82,49,39,60,11
朝阳,48,22,47,0.85,30,51,72,28
潮州,40,14,20,0.73,9,77,78,7
承德,47,18,46,0.36,15,76,71,5
成都,66,40,80,0.73,63,31,51,8
郴州,70,50,79,0.98,32,26,43,7
赤峰,38,9,29,0.28,13,67,75,10
池州,48,27,39,0.7,52,64,94,7
重庆,58,40,64,0.85,46,13,19,6
崇左,58,36,64,0.9,14,56,56,3
楚雄州,61,43,60,0.9,15,100,110,10
滁州,82,60,99,0.65,29,107,108,12
大连,66,32,79,0.89,60,23,50,17
大理州,59,30,63,0.65,10,114,109,4
丹东,86,63,85,1.53,41,21,54,13
大庆,43,29,42,0.5,15,58,69,5
大同,42,5,23,0.65,11,72,82,15
大兴安岭地,0,0,0,0.0,0,0,0,0
大兴安岭地区,49,30,48,0.45,16,79,92,24
达州,107,73,161,1.27,85,24,73,8
德宏州,96,71,128,1.3,49,45,101,7
德阳,74,42,96,0.6,72,16,82,5
德州,66,38,80,0.77,43,52,81,9
定西,84,46,115,1.35,80,10,77,30
迪庆州,47,23,33,0.6,7,91,93,5
东莞,45,31,0,0.76,33,41,38,7
东营,44,15,43,0.35,46,45,77,13
鄂尔多斯,45,9,40,0.48,15,76,89,7
恩施州,62,24,71,0.7,26,48,71,3
鄂州,72,45,91,0.53,28,90,102,7
防城港,80,58,68,1.03,15,63,56,4
佛山,49,34,47,0.93,41,35,45,6
抚顺,76,55,80,0.9,56,27,65,18
阜新,99,74,127,0.92,58,16,63,65
阜阳,92,58,132,0.53,66,47,75,5
富阳,47,27,46,0.7,15,27,34,2
福州,46,8,13,0.35,15,94,91,3
抚州,54,35,56,0.76,16,42,71,5
甘南州,56,35,45,0.7,20,98,105,3
赣州,53,36,54,0.98,21,86,91,7
甘孜藏族自治州,51,19,50,0.4,9,47,41,5
甘孜州,38,8,18,0.55,9,74,74,19
广安,63,44,64,0.62,32,32,56,9
广元,54,26,55,0.48,51,34,68,11
广州,33,23,29,0.76,36,42,52,4
贵港,97,72,89,1.15,21,46,64,11
桂林,47,28,26,0.73,16,83,92,6
贵阳,48,33,40,0.63,19,56,53,12
果洛州,60,19,28,1.2,6,81,110,7
固原,73,35,93,0.87,77,27,88,14
哈尔滨,99,74,78,1.18,74,34,57,23
海北州,62,38,72,0.7,25,104,111,16
海东地区,63,44,72,0.4,13,71,71,10
海口,40,28,36,0.76,9,93,78,4
海门,43,29,42,0.45,35,39,59,8
海南州,60,23,60,0.6,23,96,110,15
海西州,56,18,59,0.4,23,88,97,6
哈密地区,62,18,71,1.3,23,75,91,5
邯郸,73,36,93,0.75,61,29,80,13
杭州,49,24,48,0.69,55,21,57,7
汉中,63,36,74,1.15,41,25,57,9
鹤壁,86,46,119,0.7,64,24,66,12
河池,33,19,32,0.77,24,45,65,7
合肥,90,48,127,1.02,104,28,94,10
鹤岗,37,25,31,0.55,9,66,73,9
黑河,42,19,36,0.5,8,76,83,8
衡水,61,31,70,0.5,35,51,78,12
衡阳,63,44,49,0.82,30,66,67,6
和田地区,140,61,227,0.3,24,61,69,13
河源,56,39,0,1.1,17,56,52,5
菏泽,121,62,190,0.8,76,28,75,14
贺州,58,40,58,0.95,17,68,68,9
红河州,109,81,100,0.8,14,115,121,11
淮安,92,66,131,0.7,65,57,97,19
淮北,87,53,121,1.0,87,15,73,12
怀化,54,35,56,0.98,42,17,53,5
淮南,79,56,106,0.57,36,80,99,9
黄冈,68,37,84,0.65,21,94,112,4
黄南州,54,35,56,0.5,11,92,92,9
黄山,39,19,32,0.43,19,40,77,8
黄石,77,56,100,0.95,34,90,108,20
呼和浩特,42,6,25,0.59,19,68,83,11
惠州,34,22,27,0.62,15,64,67,5
葫芦岛,67,33,82,0.78,51,41,60,27
呼伦贝尔,40,23,37,0.35,14,66,78,2
湖州,71,51,73,0.85,72,37,54,20
佳木斯,54,37,53,0.76,36,31,60,7
吉安,59,35,66,0.55,26,76,94,19
江门,33,23,26,0.83,49,26,29,6
江阴,83,61,81,0.57,58,47,87,7
胶南,64,21,75,0.45,53,57,72,7
胶州,56,22,59,0.8,74,20,79,9
焦作,59,29,65,0.47,17,97,109,8
嘉兴,58,40,57,0.73,29,41,68,8
嘉峪关,58,17,53,0.7,22,87,108,9
揭阳,27,18,26,0.9,28,42,53,6
吉林,56,38,60,0.93,37,43,65,11
即墨,55,25,57,0.75,42,58,93,14
济南,81,36,109,0.93,92,10,69,18
金昌,54,11,44,0.7,26,74,103,21
晋城,62,9,71,0.35,19,86,97,8
景德镇,36,23,35,0.5,15,50,70,11
荆门,65,41,78,0.7,25,81,92,6
荆州,64,37,75,0.8,72,47,89,10
金华,39,27,37,0.47,30,43,62,5
济宁,70,29,87,0.63,50,52,83,20
金坛,91,67,76,0.7,66,30,81,8
晋中,46,15,36,0.5,22,78,90,6
锦州,77,36,102,0.9,69,27,56,103
九江,75,54,97,0.74,50,52,87,9
酒泉,57,22,54,0.45,17,87,107,10
鸡西,72,52,87,0.73,25,35,53,11
句容,72,52,86,1.05,62,50,116,6
开封,82,35,112,0.8,39,61,103,14
喀什地区,193,103,333,0.75,42,69,97,7
克拉玛依,49,21,48,0.44,18,72,73,4
克州,176,77,299,0.6,36,57,84,8
库尔勒,91,35,129,0.7,68,59,111,5
昆明,69,49,74,1.14,40,47,76,11
昆山,58,40,59,0.9,73,27,69,8
来宾,43,30,42,0.85,14,60,72,7
莱芜,88,65,99,0.67,18,89,77,10
莱西,52,34,51,0.9,35,49,82,24
莱州,50,14,49,1.3,72,21,62,21
廊坊,48,14,47,0.53,28,54,74,3
兰州,66,38,79,0.8,69,40,90,16
拉萨,41,19,26,0.64,45,50,81,3
乐山,67,48,68,0.9,37,45,31,6
凉山州,52,16,31,0.74,8,83,101,8
连云港,72,45,92,0.78,34,84,101,13
聊城,84,42,115,0.93,88,16,75,17
辽阳,89,66,78,1.0,45,32,64,19
辽源,34,17,33,0.8,25,39,67,10
丽江,56,18,60,0.77,18,78,99,7
临安,54,22,55,0.8,32,47,71,5
临沧,106,79,106,1.0,22,78,122,12
临汾,55,29,58,0.9,23,84,89,15
临夏州,62,28,72,1.5,49,28,87,17
临沂,81,42,109,0.53,49,59,92,21
林芝,45,15,23,0.5,5,88,88,1
林芝地区,18,4,16,0.35,6,51,35,3
丽水,34,13,20,0.53,16,57,66,5
六盘水,66,47,71,0.86,27,42,48,14
柳州,42,29,37,0.95,23,40,51,14
溧阳,71,51,86,1.2,43,48,91,9
陇南,75,52,98,1.95,70,10,49,31
龙岩,61,43,0,0.7,21,53,51,5
娄底,59,39,65,0.55,32,56,92,4
六安,84,37,91,0.75,165,18,72,8
漯河,70,50,83,0.43,28,76,104,10
洛阳,68,23,83,0.57,72,29,84,18
泸州,63,44,69,0.78,56,6,30,9
吕梁,61,8,70,0.8,53,25,80,54
马鞍山,76,46,99,0.64,91,37,91,14
茂名,33,23,31,0.75,15,57,65,3
眉山,55,36,57,0.7,43,30,56,10
梅州,35,24,0,0.77,23,46,66,5
绵阳,47,25,46,0.33,35,62,93,6
牡丹江,59,34,65,0.66,30,43,68,4
南昌,58,24,64,0.8,68,31,89,2
南充,67,48,82,0.54,39,43,73,5
南京,73,40,94,0.82,99,24,98,11
南宁,69,49,60,0.94,34,32,41,10
南平,59,41,49,0.73,23,47,77,4
南通,71,51,48,0.46,66,29,57,9
南阳,71,47,90,1.0,66,32,76,5
那曲地区,36,19,30,0.63,7,62,70,4
内江,74,53,93,0.98,59,14,39,10
宁波,33,20,32,0.76,47,34,61,6
宁德,41,11,17,0.6,11,77,81,4
怒江州,115,66,177,1.35,50,62,82,10
盘锦,49,34,46,0.77,44,40,67,13
攀枝花,85,62,115,0.98,74,43,101,22
蓬莱,72,45,92,1.15,56,39,67,31
平顶山,63,38,74,0.6,47,74,108,15
平度,59,19,65,0.75,35,50,58,7
平凉,64,25,75,0.6,61,34,90,12
萍乡,77,56,75,0.94,24,41,60,8
普洱,83,61,78,0.65,27,100,123,5
莆田,48,10,16,0.46,15,90,94,3
濮阳,73,49,94,0.9,34,67,89,12
黔东南州,37,13,20,0.6,26,65,73,52
黔南州,30,21,0,0.3,13,44,54,19
黔西南州,53,36,45,0.35,14,60,59,3
青岛,50,16,49,0.57,53,43,68,8
庆阳,57,20,62,0.43,14,79,89,10
清远,63,44,50,0.8,18,61,74,7
秦皇岛,60,35,67,0.9,51,42,59,17
钦州,94,70,80,1.13,16,65,67,10
齐齐哈尔,44,24,43,0.5,15,56,67,23
七台河,62,39,71,0.87,32,46,72,10
泉州,56,9,9,0.35,13,101,105,6
曲靖,52,31,52,1.05,24,46,44,12
衢州,50,35,49,0.5,55,27,61,3
日喀则,48,8,21,0.45,8,98,94,8
日喀则地区,29,6,27,0.35,2,68,56,5
日照,63,33,74,0.33,36,45,63,5
荣成,66,36,57,1.1,35,95,118,11
乳山,51,30,50,0.95,33,68,81,8
三门峡,80,36,107,1.08,94,14,85,17
三明,74,53,66,0.93,38,7,46,6
三沙,30,7,20,0.3,30,51,58,6
三亚,38,26,30,0.65,17,36,53,1
上海,39,27,31,0.63,55,51,73,5
商洛,48,23,47,0.45,33,55,90,4
商丘,216,165,208,1.49,78,7,33,10
上饶,56,27,60,0.35,12,67,77,11
山南,67,22,82,0.55,3,89,90,3
山南地区,40,5,21,0.45,6,65,79,4
汕头,44,30,40,0.7,18,86,87,7
汕尾,41,10,12,0.63,9,76,81,7
韶关,55,38,50,1.0,21,64,64,9
绍兴,65,20,77,0.62,29,49,62,6
邵阳,64,45,49,0.8,21,60,91,12
沈阳,61,34,69,0.79,72,16,56,21
深圳,42,28,41,0.71,29,57,54,4
石河子,108,80,121,1.35,42,33,43,6
石家庄,59,25,66,0.48,33,57,75,6
十堰,63,34,74,0.93,34,54,80,8
石嘴山,56,16,59,0.63,36,60,85,52
寿光,46,19,45,0.8,47,34,67,16
双鸭山,75,54,77,0.7,36,21,52,4
朔州,45,15,42,0.52,21,69,88,11
四平,72,52,89,1.17,62,13,54,20
松原,58,40,46,0.8,28,38,67,7
绥化,96,71,77,0.55,8,86,84,8
遂宁,59,38,66,0.63,38,33,62,16
随州,84,42,116,1.13,74,18,88,12
宿迁,96,71,118,0.98,51,45,84,14
苏州,72,52,61,0.45,68,26,56,5
宿州,90,53,127,0.63,74,33,79,10
塔城地区,46,8,45,0.8,6,64,78,5
泰安,60,30,67,0.83,65,22,73,15
太仓,61,43,57,0.6,73,24,67,12
太原,60,20,67,0.56,46,47,83,6
台州,42,12,28,0.47,17,67,82,3
泰州,96,71,110,0.75,59,49,93,5
唐山,57,29,61,0.6,57,26,57,10
天津,60,20,67,0.79,61,28,60,15
天水,69,38,86,1.1,48,39,80,16
铁岭,93,69,98,0.83,63,20,57,25
铜川,64,33,76,0.63,65,32,89,11
通化,55,27,57,0.6,30,23,46,7
通辽,54,31,55,0.63,33,43,70,12
铜陵,66,38,80,0.83,70,50,89,14
铜仁地区,56,32,59,0.85,57,5,63,3
吐鲁番地区,111,83,154,1.5,84,33,90,16
瓦房店,115,86,116,1.35,64,30,74,38
潍坊,69,36,85,0.78,69,19,70,17
威海,99,74,113,0.73,62,51,85,5
渭南,56,22,60,0.48,75,25,76,15
文登,70,32,87,0.9,33,93,111,8
文山州,69,49,54,1.0,19,46,84,12
温州,35,20,34,0.48,30,60,64,6
乌海,45,18,34,0.53,28,62,88,12
武汉,70,38,87,0.77,63,62,97,7
芜湖,63,34,73,0.73,91,42,90,10
吴江,65,46,62,0.83,58,41,74,13
五家渠,127,96,104,1.6,19,41,46,5
乌兰察布,44,8,33,0.2,8,87,87,16
乌鲁木齐,83,61,70,1.4,42,32,47,6
武威,58,34,63,0.85,38,62,96,9
无锡,66,47,71,0.71,42,53,88,7
吴忠,56,27,60,0.73,51,44,82,15
梧州,60,42,51,0.9,13,66,66,9
厦门,48,21,29,0.43,17,88,95,3
西安,64,29,75,0.83,90,17,77,7
湘潭,91,67,77,0.96,44,40,72,9
湘西州,47,23,46,1.0,21,15,53,7
襄阳,57,32,61,0.5,33,76,94,12
咸宁,61,41,69,0.5,20,77,112,5
咸阳,74,49,96,0.9,67,36,78,10
孝感,62,40,72,0.8,16,78,108,5
锡林郭勒盟,37,11,15,0.1,4,69,72,7
兴安盟,45,29,44,0.37,15,57,72,4
邢台,74,39,96,0.65,66,22,70,12
西宁,55,28,57,0.9,33,84,97,16
新乡,67,40,81,1.15,58,43,83,19
信阳,63,30,60,0.6,26,89,114,5
新余,52,26,51,0.73,34,46,69,11
忻州,44,12,40,0.53,40,56,87,43
西双版纳州,89,63,125,0.7,56,55,118,7
宣城,71,33,90,0.7,63,55,88,5
许昌,62,23,72,0.67,32,77,104,14
徐州,95,64,138,1.23,87,13,72,22
雅安,35,21,34,0.48,32,28,42,7
延安,78,37,104,1.65,75,5,66,24
延边州,41,18,31,0.57,17,64,80,10
盐城,87,64,107,0.88,62,49,96,10
阳江,115,86,0,0.9,33,38,43,7
阳泉,53,24,54,0.48,40,50,81,11
扬州,96,71,110,0.68,59,39,80,10
烟台,81,43,109,0.93,72,23,66,19
宜宾,83,61,91,0.98,62,4,32,17
宜昌,71,37,90,0.86,63,22,80,8
宜春,56,36,59,0.63,33,42,72,10
伊春,35,12,29,0.4,14,53,68,5
伊犁哈萨克,0,0,0,0.0,0,0,0,0
伊犁哈萨克州,92,42,132,1.93,75,21,76,23
银川,49,23,48,0.63,35,58,80,23
营口,50,27,49,0.53,46,41,61,7
鹰潭,56,39,0,0.45,22,55,69,18
义乌,40,20,39,0.6,56,22,57,5
宜兴,60,37,68,0.7,89,7,55,20
益阳,81,59,88,1.13,40,71,107,7
永州,59,41,47,0.5,33,62,74,7
岳阳,70,45,87,1.23,64,51,108,7
玉林,105,78,98,1.07,18,59,55,8
榆林,54,22,55,1.04,69,18,45,27
运城,85,52,118,0.78,49,57,102,17
云浮,56,39,54,0.9,33,47,44,7
玉树州,37,3,17,0.4,10,67,72,11
玉溪,65,46,76,0.9,23,90,114,10
枣庄,105,69,157,0.73,77,34,86,40
张家港,78,57,74,0.3,59,36,74,4
张家界,40,22,38,0.78,20,49,79,3
张家口,80,19,107,0.62,8,88,94,10
章丘,84,28,115,0.45,59,29,65,13
张掖,61,36,69,0.5,33,68,101,10
漳州,76,55,67,0.63,29,67,76,3
湛江,55,38,40,0.7,17,68,87,5
肇庆,54,37,46,0.85,23,67,78,6
昭通,38,15,37,0.7,16,66,62,4
招远,76,52,100,0.0,52,26,72,37
郑州,69,19,86,0.44,31,61,88,5
镇江,116,87,112,0.9,82,40,82,8
中山,54,37,52,0.78,68,9,18,7
中卫,45,20,37,0.63,41,53,88,11
周口,69,33,86,0.6,32,77,105,9
舟山,29,15,28,0.47,37,30,55,4
珠海,52,35,51,0.88,64,21,29,4
诸暨,43,30,40,0.7,48,21,73,4
驻马店,61,33,64,0.27,16,94,111,5
株洲,109,81,95,0.86,76,18,65,8
淄博,78,49,104,0.97,70,20,70,32
自贡,67,41,81,0.7,51,8,29,14
资阳,76,52,99,0.72,67,11,50,7
遵义,32,22,30,0.62,33,27,35,12
